{
    "camera_info":
    {

        "CAMERA_MTX"                : [[503.791596,0.000000  ,306.540655],
                                       [0.000000  ,504.248568,240.243212],
                                       [0.000000  ,0.000000  ,1.000000  ]],
    
        "DIST_COEFF"                : [0.077789, -0.156478, -0.000164, 0.001416, 0.000000],

        "IMG_SIZE"                  : [ 480, 640 ]
        
    },
    
    "params":
    {
    
        "PARAM_MATCH_THRESHOLD"     : 100,

        "PARAM_STOPPING_CRITERION"  : 0.1,
    
        "PARAM_MAX_ITERATION"       : 300,
    
        "PARAM_SCALE"               : 1.0

    },

    "init":
    {

        "INIT_POSE"                 : [ -90, 0, 0 ],

        "INIT_LOCATION"             : [ 5, 0, 5 ]

    }
}