{
    "camera_info":
    {

        "CAMERA_MTX"                : [[503.791596,0.000000  ,306.540655],
                                       [0.000000  ,504.248568,240.243212],
                                       [0.000000  ,0.000000  ,1.000000  ]],
    
        "DIST_COEFF"                : [0.077789, -0.156478, -0.000164, 0.001416, 0.000000],

        "IMG_SIZE"                  : [ 480, 640 ]
        
    },

    "ros_info":
    {

        "NODE_NAME"                 : "VO",

        "TOPIC_NAME"                : "/usb_cam/image_raw"

    },
    
    "params":
    {
    
        "PARAM_MATCH_THRESHOLD"     : 50,

        "PARAM_STOPPING_CRITERION"  : 0.01,
    
        "PARAM_MAX_ITERATION"       : 300,
    
        "PARAM_SCALE"               : 5.0

    },

    "init":
    {

        "INIT_POSE"                 : [ -135, 0, 0 ],

        "INIT_LOCATION"             : [ 10, 0, 10 ]

    }
}